,cdr3_b
0,CSAR-D-WAGMNTGELFF
1,CSAR-D-SWATNTGELFF
2,CSAR-D-REAANTGELFF
3,CSAR-D-LLAANTGELFF
4,CSAR-D-TGAQNTGELFF
5,CSAR-D-EQGQNTGELFF
6,CASS-Q-LSGGRPGELFF
7,CASS-E-LAGGNTGELFF
8,CASS-P-PAGGNTGELFF
9,CASS-P-PGGGNTGELFF
10,CAIS-E--DSKNTGELFF
11,CAFS-Q----QNTGELFF
12,CASS-L----QNTGELFF
13,CASR-G-GSGANTGELFF
14,CASS-GLGTSANTGELFF
15,CASS-L-VEGGNTGELFF
16,CASS-G-MLERNTGELFF
17,CSAS-P---DQNTGELFF
18,CAWI-N---DQNTGELFF
19,CSAR-S-LDGENTGELFF
20,CALE-D----ANTGELFF
21,CAST-E---DRNTGELFF
22,CATE-D----SNTGELFF
23,CASSPL----ATAGELFF
24,CAGQ-G----ANTGELFF
25,CATQ-W----ANTGELFF
26,CATQ-E----GNTGELFF
27,CAEG-Q----MNTGELFF
28,CANL-E----MNTGELFF
29,CARG-Q----ENTGELFF
30,CAPG-E----ENTGELFF
31,CASG-D----ENTGELFF
32,CASQ-D----QNTGELFF
33,CASQAN----QNTGELFF
34,CAIG-G----TNTGELFF
35,CAIQ-D----RNTGELFF
36,CASSGGIETSGNTGELFF
37,CAVQ-D----LNTGELFF
38,CASS-S----VNTGELFF
39,CASQ-Y----TNTGELFF
40,CASI-D----SNTGELFF
41,CASQ-D----ANTGELFF
42,CASG-D----TNTGELFF
43,CAST-D----GNTGELFF
44,CASS-D----LNTGELFF
45,CASQ-D----LNTGELFF
46,CAGQ-N----RNTGELFF
47,CASA-G----PNTGELFF
